{
	"song": {
		"player1": "bf",
		"events": [],
		"gfVersion": "gf",
		"notes": [
			{
				"sectionNotes": [
					[
						0,
						1,
						0
					],
					[
						148.514851485149,
						0,
						0
					],
					[
						297.029702970297,
						2,
						0
					],
					[
						445.544554455446,
						3,
						0
					],
					[
						0,
						5,
						0
					],
					[
						148.514851485149,
						7,
						0
					],
					[
						297.029702970297,
						6,
						0
					],
					[
						445.544554455446,
						4,
						0
					]
				],
				"lengthInSteps": 16,
				"mustHitSection": true,
				"bpm": 404,
				"changeBPM": true
			},
			{
				"sectionNotes": [
					[
						594.059405940594,
						3,
						0
					],
					[
						594.059405940594,
						4,
						0
					],
					[
						668.316831683168,
						5,
						0
					],
					[
						1113.86138613861,
						5,
						0
					],
					[
						668.316831683168,
						2,
						0
					],
					[
						742.574257425743,
						1,
						0
					],
					[
						816.831683168317,
						0,
						0
					],
					[
						1113.86138613861,
						2,
						0
					],
					[
						1336.63366336634,
						1,
						0
					],
					[
						1410.89108910891,
						0,
						0
					],
					[
						1262.37623762376,
						5,
						0
					],
					[
						742.574257425743,
						6,
						0
					],
					[
						816.831683168317,
						7,
						0
					],
					[
						891.089108910891,
						1,
						0
					],
					[
						965.346534653465,
						2,
						0
					],
					[
						1039.60396039604,
						3,
						0
					],
					[
						891.089108910891,
						6,
						0
					],
					[
						965.346534653465,
						5,
						0
					],
					[
						1039.60396039604,
						4,
						0
					],
					[
						1188.11881188119,
						3,
						0
					],
					[
						1262.37623762376,
						2,
						0
					],
					[
						1485.14851485149,
						1,
						0
					],
					[
						1559.40594059406,
						2,
						0
					],
					[
						1633.66336633663,
						3,
						0
					],
					[
						1707.92079207921,
						2,
						0
					],
					[
						1188.11881188119,
						4,
						0
					],
					[
						1336.63366336634,
						6,
						0
					],
					[
						1410.89108910891,
						7,
						0
					],
					[
						1485.14851485149,
						6,
						0
					],
					[
						1559.40594059406,
						5,
						0
					],
					[
						1633.66336633663,
						4,
						0
					],
					[
						1707.92079207921,
						5,
						0
					]
				],
				"lengthInSteps": 16,
				"mustHitSection": true,
				"changeBPM": true,
				"bpm": 202
			},
			{
				"sectionNotes": [
					[
						1930.69306930693,
						6,
						0
					],
					[
						2227.72277227723,
						1,
						0
					],
					[
						1782.17821782178,
						1,
						0
					],
					[
						1782.17821782178,
						6,
						0
					],
					[
						1856.43564356436,
						0,
						0
					],
					[
						1930.69306930693,
						1,
						0
					],
					[
						2004.9504950495,
						2,
						0
					],
					[
						2079.20792079208,
						3,
						0
					],
					[
						2153.46534653465,
						2,
						0
					],
					[
						1856.43564356436,
						7,
						0
					],
					[
						2004.9504950495,
						5,
						0
					],
					[
						2079.20792079208,
						4,
						0
					],
					[
						2153.46534653465,
						5,
						0
					],
					[
						2227.72277227723,
						6,
						0
					],
					[
						2301.9801980198,
						7,
						0
					],
					[
						2301.9801980198,
						0,
						0
					],
					[
						2376.23762376238,
						1,
						0
					],
					[
						2599.0099009901,
						2,
						0
					],
					[
						2821.78217821782,
						1,
						0
					],
					[
						2376.23762376238,
						6,
						0
					],
					[
						2599.0099009901,
						5,
						0
					],
					[
						2821.78217821782,
						6,
						0
					],
					[
						2450.49504950495,
						2,
						0
					],
					[
						2524.75247524752,
						3,
						0
					],
					[
						2673.26732673267,
						1,
						0
					],
					[
						2747.52475247525,
						0,
						0
					],
					[
						2896.0396039604,
						2,
						0
					],
					[
						2450.49504950495,
						5,
						0
					],
					[
						2524.75247524752,
						4,
						0
					],
					[
						2673.26732673267,
						6,
						0
					],
					[
						2747.52475247525,
						7,
						0
					],
					[
						2896.0396039604,
						5,
						0
					]
				],
				"lengthInSteps": 16,
				"mustHitSection": true
			},
			{
				"sectionNotes": [
					[
						3267.32673267327,
						1,
						0
					],
					[
						3415.84158415842,
						3,
						0
					],
					[
						3490.09900990099,
						2,
						0
					],
					[
						3787.12871287129,
						2,
						0
					],
					[
						3861.38613861386,
						3,
						0
					],
					[
						3935.64356435644,
						2,
						0
					],
					[
						4009.90099009901,
						1,
						0
					],
					[
						4084.15841584158,
						0,
						0
					],
					[
						2970.29702970297,
						3,
						0
					],
					[
						2970.29702970297,
						4,
						0
					],
					[
						3044.55445544555,
						2,
						0
					],
					[
						3118.81188118812,
						1,
						0
					],
					[
						3193.06930693069,
						0,
						0
					],
					[
						3044.55445544555,
						5,
						0
					],
					[
						3118.81188118812,
						6,
						0
					],
					[
						3193.06930693069,
						7,
						0
					],
					[
						3267.32673267327,
						6,
						0
					],
					[
						3341.58415841584,
						5,
						0
					],
					[
						3341.58415841584,
						2,
						0
					],
					[
						3415.84158415842,
						4,
						0
					],
					[
						3490.09900990099,
						5,
						0
					],
					[
						3564.35643564356,
						6,
						0
					],
					[
						3638.61386138614,
						7,
						0
					],
					[
						3712.87128712871,
						6,
						0
					],
					[
						3564.35643564356,
						1,
						0
					],
					[
						3638.61386138614,
						0,
						0
					],
					[
						3712.87128712871,
						1,
						0
					],
					[
						3787.12871287129,
						5,
						0
					],
					[
						3861.38613861386,
						4,
						0
					],
					[
						3935.64356435644,
						5,
						0
					],
					[
						4009.90099009901,
						6,
						0
					],
					[
						4084.15841584158,
						7,
						0
					]
				],
				"lengthInSteps": 16,