{
	"song": {
		"player1": "bf",
		"events": [],
		"gfVersion": "gf",
		"notes": [
			{
				"sectionNotes": [
					[
						0,
						0,
						0
					],
					[
						445.544554455446,
						2,
						0
					],
					[
						297.029702970297,
						1,
						0
					],
					[
						148.514851485149,
						2,
						0
					],
					[
						0,
						7,
						0
					],
					[
						148.514851485149,
						6,
						0
					],
					[
						297.029702970297,
						5,
						0
					],
					[
						445.544554455446,
						6,
						0
					],
					[
						0,
						4,
						0
					],
					[
						297.029702970297,
						7,
						0
					],
					[
						148.514851485149,
						1,
						0
					],
					[
						445.544554455446,
						3,
						0
					]
				],
				"lengthInSteps": 16,
				"mustHitSection": true,
				"bpm": 404,
				"changeBPM": true
			},
			{
				"sectionNotes": [
					[
						594.059405940594,
						3,
						0
					],
					[
						594.059405940594,
						4,
						0
					],
					[
						668.316831683168,
						5,
						0
					],
					[
						742.574257425743,
						4,
						0
					],
					[
						816.831683168317,
						6,
						0
					],
					[
						891.089108910891,
						5,
						0
					],
					[
						965.346534653465,
						4,
						0
					],
					[
						1039.60396039604,
						6,
						0
					],
					[
						1113.86138613861,
						5,
						0
					],
					[
						668.316831683168,
						2,
						0
					],
					[
						742.574257425743,
						1,
						0
					],
					[
						816.831683168317,
						0,
						0
					],
					[
						1188.11881188119,
						3,
						0
					],
					[
						1262.37623762376,
						2,
						0
					],
					[
						1410.89108910891,
						0,
						0
					],
					[
						1485.14851485149,
						2,
						0
					],
					[
						1559.40594059406,
						1,
						0
					],
					[
						1633.66336633663,
						2,
						0
					],
					[
						1707.92079207921,
						3,
						0
					],
					[
						1188.11881188119,
						6,
						0
					],
					[
						1336.63366336634,
						4,
						0
					],
					[
						1410.89108910891,
						6,
						0
					],
					[
						1485.14851485149,
						4,
						0
					],
					[
						1633.66336633663,
						6,
						0
					],
					[
						1707.92079207921,
						7,
						0
					],
					[
						594.059405940594,
						0,
						0
					],
					[
						742.574257425743,
						3,
						0
					],
					[
						965.346534653465,
						0,
						0
					],
					[
						1113.86138613861,
						0,
						0
					],
					[
						1188.11881188119,
						1,
						0
					],
					[
						1336.63366336634,
						3,
						0
					],
					[
						1559.40594059406,
						3,
						0
					],
					[
						1633.66336633663,
						0,
						0
					],
					[
						1707.92079207921,
						1,
						0
					],
					[
						594.059405940594,
						7,
						0
					],
					[
						816.831683168317,
						7,
						0
					],
					[
						965.346534653465,
						7,
						0
					],
					[
						1262.37623762376,
						7,
						0
					],
					[
						1336.63366336634,
						5,
						0
					],
					[
						1559.40594059406,
						7,
						0
					],
					[
						1707.92079207921,
						5,
						0
					],
					[
						965.346534653465,
						1,
						0
					],
					[
						891.089108910891,
						2,
						0
					],
					[
						1039.60396039604,
						3,
						0
					]
				],
				"lengthInSteps": 16,
				"mustHitSection": true,
				"changeBPM": true,
				"bpm": 202
			},
			{
				"sectionNotes": [
					[
						1856.43564356436,
						5,
						0
					],
					[
						1930.69306930693,
						6,
						0
					],
					[
						2004.9504950495,
						4,
						0
					],
					[
						2153.46534653465,
						4,
						0
					],
					[
						2301.9801980198,
						2,
						0
					],
					[
						2153.46534653465,
						0,
						0
					],
					[
						2004.9504950495,
						0,
						0
					],
					[
						1930.69306930693,
						2,
						0
					],
					[
						2376.23762376238,
						3,
						0
					],
					[
						2524.75247524752,
						1,
						0
					],
					[
						2599.0099009901,
						0,
						0
					],
					[
						2673.26732673267,
						2,
						0
					],
					[
						2747.52475247525,
						1,
						0
					],
					[
						2821.78217821782,
						3,
						0
					],
					[
						2896.0396039604,
						2,
						0
					],
					[
						2376.23762376238,
						7,
						0
					],
					[
						2450.49504950495,
						6,
						0
					],
					[
						2524.75247524752,
						5,
						0
					],
					[
						2599.0099009901,
						4,
						0
					],
					[
						2673.26732673267,
						6,
						0
					],
					[
						2747.52475247525,
						5,
						0
					],
					[
						2821.78217821782,
						7,
						0
					],
					[
						2896.0396039604,
						6,
						0
					],
					[
						1782.17821782178,
						0,
						0
					],
					[
						1930.69306930693,
						3,
						0
					],
					[
						1782.17821782178,
						4,
						0
					],
					[
						1930.69306930693,
						7,
						0
					],
					[
						2227.72277227723,
						7,
						0
					],
					[
						2227.72277227723,
						3,
						0
					],
					[
						2301.9801980198,
						0,
						0
					],
					[
						2450.49504950495,
						0,
						0
					],
					[
						2599.0099009901,
						3,
						0
					],
					[
						2376.23762376238,
						4,
						0
					],
					[
						2599.0099009901,
						7,
						0
					],
					[
						2747.52475247525,
						4,
						0
					],
					[
						2747.52475247525,
						0,
						0
					],
					[
						2896.0396039604,
						0,
						0
					],
					[
						1856.43564356436,
						1,
						0
					],
					[
						2301.9801980198,
						5,
						0
					],
					[
						2079.20792079208,
						6,
						0
					],
					[
						2079.20792079208,
						1,
						0
					]
				],
				"lengthInSteps": 16,