{
	"song": {
		"player1": "bf",
		"player2": "mimi",
		"notes": [
			{
				"lengthInSteps": 16,
				"sectionNotes": [
					[
						0,
						7,
						0
					],
					[
						333.333333333333,
						5,
						0
					],
					[
						500,
						6,
						0
					],
					[
						666.666666666667,
						4,
						0
					],
					[
						750,
						5,
						0
					],
					[
						1000,
						5,
						0
					],
					[
						1083.33333333333,
						4,
						0
					],
					[
						1166.66666666667,
						6,
						0
					],
					[
						1250,
						5,
						0
					],
					[
						666.666666666667,
						3,
						0
					],
					[
						750,
						2,
						0
					],
					[
						833.333333333333,
						1,
						0
					],
					[
						916.666666666667,
						0,
						0
					],
					[
						1000,
						2,
						0
					],
					[
						1083.33333333333,
						3,
						0
					],
					[
						1166.66666666667,
						1,
						0
					],
					[
						1250,
						2,
						0
					],
					[
						0,
						0,
						0
					],
					[
						166.666666666667,
						2,
						0
					],
					[
						333.333333333333,
						1,
						0
					],
					[
						500,
						2,
						0
					],
					[
						916.666666666667,
						6,
						0
					],
					[
						166.666666666667,
						6,
						0
					],
					[
						833.333333333333,
						4,
						0
					]
				],
				"mustHitSection": true
			},
			{
				"lengthInSteps": 16,
				"sectionNotes": [
					[
						1333.33333333333,
						6,
						0
					],
					[
						1416.66666666667,
						5,
						0
					],
					[
						1500,
						4,
						0
					],
					[
						1583.33333333333,
						6,
						0
					],
					[
						1666.66666666667,
						4,
						0
					],
					[
						1750,
						5,
						0
					],
					[
						1833.33333333333,
						6,
						0
					],
					[
						1916.66666666667,
						7,
						0
					],
					[
						2416.66666666667,
						4,
						0
					],
					[
						1750,
						1,
						0
					],
					[
						1833.33333333333,
						2,
						0
					],
					[
						1916.66666666667,
						3,
						0
					],
					[
						2416.66666666667,
						0,
						0
					],
					[
						2500,
						5,
						0
					],
					[
						2583.33333333333,
						6,
						0
					],
					[
						2500,
						1,
						0
					],
					[
						2583.33333333333,
						2,
						0
					],
					[
						1333.33333333333,
						3,
						0
					],
					[
						1416.66666666667,
						2,
						0
					],
					[
						1500,
						1,
						0
					],
					[
						1583.33333333333,
						0,
						0
					],
					[
						1666.66666666667,
						2,
						0
					],
					[
						2000,
						6,
						0
					],
					[
						2083.33333333333,
						5,
						0
					],
					[
						2166.66666666667,
						6,
						0
					],
					[
						2250,
						4,
						0
					],
					[
						2000,
						2,
						0
					],
					[
						2083.33333333333,
						1,
						0
					],
					[
						2166.66666666667,
						2,
						0
					],
					[
						2250,
						0,
						0
					],
					[
						2333.33333333333,
						5,
						0
					],
					[
						2333.33333333333,
						1,
						0
					]
				],
				"mustHitSection": true
			},
			{
				"lengthInSteps": 16,
				"sectionNotes": [
					[
						2666.66666666667,
						7,
						0
					],
					[
						2750,
						6,
						0
					],
					[
						2833.33333333333,
						5,
						0
					],
					[
						2666.66666666667,
						3,
						0
					],
					[
						2750,
						2,
						0
					],
					[
						2833.33333333333,
						1,
						0
					],
					[
						2916.66666666667,
						4,
						0
					],
					[
						3000,
						6,
						0
					],
					[
						3083.33333333333,
						5,
						0
					],
					[
						3250,
						6,
						0
					],
					[
						3333.33333333333,
						5,
						0
					],
					[
						3416.66666666667,
						4,
						0
					],
					[
						3500,
						7,
						0
					],
					[
						3583.33333333333,
						6,
						0
					],
					[
						3666.66666666667,
						5,
						0
					],
					[
						3750,
						4,
						0
					],
					[
						3833.33333333333,
						7,
						0
					],
					[
						3916.66666666667,
						6,
						0
					],
					[
						2916.66666666667,
						0,
						0
					],
					[
						3000,
						2,
						0
					],
					[
						3083.33333333333,
						1,
						0
					],
					[
						3250,
						2,
						0
					],
					[
						3333.33333333333,
						1,
						0
					],
					[
						3416.66666666667,
						0,
						0
					],
					[
						3500,
						3,
						0
					],
					[
						3583.33333333333,
						2,
						0
					],
					[
						3666.66666666667,
						1,
						0
					],
					[
						3750,
						0,
						0
					],
					[
						3833.33333333333,
						3,
						0
					],
					[
						3916.66666666667,
						2,
						0
					],
					[
						3166.66666666667,
						7,
						0
					],
					[
						3166.66666666667,
						3,
						0
					]
				],
				"mustHitSection": true
			},
			{
				"lengthInSteps": 16,
				"sectionNotes": [
					[
						4000,
						0,
						0
					],
					[
						4083.33333333333,
						1,
						0
					],
					[
						4166.66666666667,
						0,
						0
					],
					[
						4250,
						2,
						0
					],
					[
						4333.33333333333,
						3,
						0
					],
					[
						4416.66666666667,
						2,
						0
					],
					[
						4500,
						1,
						0
					],
					[
						4583.33333333333,
						0,
						0
					],
					[
						4666.66666666667,
						2,
						0
					],
					[
						4750,
						1,
						0
					],
					[
						4833.33333333333,
						0,
						0
					],
					[
						4916.66666666667,
						2,
						0
					],
					[
						5000,
						3,
						0
					],
					[
						5083.33333333333,
						1,
						0
					],
					[
						5166.66666666667,
						0,
						0
					],
					[
						4000,
						4,
						0
					],
					[
						4083.33333333333,
						5,
						0
					],
					[
						4166.66666666667,
						4,
						0
					],
					[
						4250,
						6,
						0
					],
					[
						4333.33333333333,
						7,
						0
					],
					[
						4416.66666666667,
						6,
						0
					],
					[
						4500,
						5,
						0
					],
					[
						4583.33333333333,
						4,
						0
					],
					[
						4666.66666666667,
						6,
						0
					],
					[
						4750,
						5,
						0
					],
					[
						4833.33333333333,
						4,
						0
					],
					[
						4916.66666666667,
						6,
						0
					],
					[
						5000,
						7,
						0
					],
					[
						5083.33333333333,
						5,
						0
					],
					[
						5166.66666666667,
						4,
						0
					],
					[
						5250,
						1,
						750
					],
					[
						5250,
						3,
						750
					],
					[
						5250,
						5,
						750
					],
					[
						5250,
						7,
						750
					]
				],
				"mustHitSection": true
			},
			{
				"lengthInSteps": 16,
				"sectionNotes": [],
				"mustHitSection": true
			},
			{
				"lengthInSteps": 16,
				"sectionNotes": [],
				"mustHitSection": true
			},
			{
				"lengthInSteps": 16,
				"sectionNotes": [],
				"mustHitSection": true
			},
			{
				"lengthInSteps": 16,
				"sectionNotes": [],
				"mustHitSection": true
			},
			{
				"lengthInSteps": 16,
				"sectionNotes": [],
				"mustHitSection": false
			},
			{
				"lengthInSteps": 16,
				"sectionNotes": [],
				"mustHitSection": false
			},
			{
				"lengthInSteps": 16,
				"sectionNotes": [],
				"mustHitSection": true
			},
			{
				"lengthInSteps": 16,
				"sectionNotes": [],
				"mustHitSection": true
			},
			{
				"lengthInSteps": 16,
				"sectionNotes": [],
				"mustHitSection": false
			},
			{
				"lengthInSteps": 16,
				"sectionNotes": [],
				"mustHitSection": false
			},
			{
				"lengthInSteps": 16,
				"sectionNotes": [],
				"mustHitSection": true
			},
			{
				"lengthInSteps": 16,
				"sectionNotes": [],
				"mustHitSection": true
			},
			{
				"lengthInSteps": 16,
				"sectionNotes": [],
				"mustHitSection": false
			},
			{
				"lengthInSteps": 16,
				"sectionNotes": [],
				"mustHitSection": false
			},
			{
				"lengthInSteps": 16,