{
	"song": {
		"player1": "bf",
		"player2": "mimi",
		"notes": [
			{
				"lengthInSteps": 16,
				"sectionNotes": [
					[
						0,
						0,
						0
					],
					[
						445.544554455446,
						2,
						0
					],
					[
						297.029702970297,
						1,
						0
					],
					[
						148.514851485149,
						2,
						0
					],
					[
						0,
						7,
						0
					],
					[
						148.514851485149,
						6,
						0
					],
					[
						297.029702970297,
						5,
						0
					],
					[
						445.544554455446,
						6,
						0
					]
				],
				"bpm": 404,
				"changeBPM": true,
				"mustHitSection": true
			},
			{
				"lengthInSteps": 16,
				"sectionNotes": [
					[
						594.059405940594,
						3,
						0
					],
					[
						594.059405940594,
						4,
						0
					],
					[
						668.316831683168,
						5,
						0
					],
					[
						742.574257425743,
						4,
						0
					],
					[
						816.831683168317,
						6,
						0
					],
					[
						891.089108910891,
						5,
						0
					],
					[
						965.346534653465,
						4,
						0
					],
					[
						1039.60396039604,
						6,
						0
					],
					[
						1113.86138613861,
						5,
						0
					],
					[
						668.316831683168,
						2,
						0
					],
					[
						742.574257425743,
						1,
						0
					],
					[
						816.831683168317,
						0,
						0
					],
					[
						891.089108910891,
						2,
						0
					],
					[
						965.346534653465,
						3,
						0
					],
					[
						1039.60396039604,
						1,
						0
					],
					[
						1113.86138613861,
						2,
						0
					],
					[
						1188.11881188119,
						3,
						0
					],
					[
						1262.37623762376,
						2,
						0
					],
					[
						1336.63366336634,
						1,
						0
					],
					[
						1410.89108910891,
						0,
						0
					],
					[
						1485.14851485149,
						2,
						0
					],
					[
						1559.40594059406,
						1,
						0
					],
					[
						1633.66336633663,
						2,
						0
					],
					[
						1707.92079207921,
						3,
						0
					],
					[
						1188.11881188119,
						6,
						0
					],
					[
						1262.37623762376,
						5,
						0
					],
					[
						1336.63366336634,
						4,
						0
					],
					[
						1410.89108910891,
						6,
						0
					],
					[
						1485.14851485149,
						4,
						0
					],
					[
						1559.40594059406,
						5,
						0
					],
					[
						1633.66336633663,
						6,
						0
					],
					[
						1707.92079207921,
						7,
						0
					]
				],
				"changeBPM": true,
				"bpm": 202,
				"mustHitSection": true
			},
			{
				"lengthInSteps": 16,
				"sectionNotes": [
					[
						1782.17821782178,
						6,
						0
					],
					[
						1856.43564356436,
						5,
						0
					],
					[
						1930.69306930693,
						6,
						0
					],
					[
						2004.9504950495,
						4,
						0
					],
					[
						2079.20792079208,
						5,
						0
					],
					[
						2153.46534653465,
						4,
						0
					],
					[
						2227.72277227723,
						5,
						0
					],
					[
						2301.9801980198,
						6,
						0
					],
					[
						2301.9801980198,
						2,
						0
					],
					[
						2227.72277227723,
						1,
						0
					],
					[
						2153.46534653465,
						0,
						0
					],
					[
						2079.20792079208,
						1,
						0
					],
					[
						2004.9504950495,
						0,
						0
					],
					[
						1930.69306930693,
						2,
						0
					],
					[
						1856.43564356436,
						1,
						0
					],
					[
						1782.17821782178,
						2,
						0
					],
					[
						2376.23762376238,
						3,
						0
					],
					[
						2450.49504950495,
						2,
						0
					],
					[
						2524.75247524752,
						1,
						0
					],
					[
						2599.0099009901,
						0,
						0
					],
					[
						2673.26732673267,
						2,
						0
					],
					[
						2747.52475247525,
						1,
						0
					],
					[
						2821.78217821782,
						3,
						0
					],
					[
						2896.0396039604,
						2,
						0
					],
					[
						2376.23762376238,
						7,
						0
					],
					[
						2450.49504950495,
						6,
						0
					],
					[
						2524.75247524752,
						5,
						0
					],
					[
						2599.0099009901,
						4,
						0
					],
					[
						2673.26732673267,
						6,
						0
					],
					[
						2747.52475247525,
						5,
						0
					],
					[
						2821.78217821782,
						7,
						0
					],
					[
						2896.0396039604,
						6,
						0
					]
				],
				"mustHitSection": true
			},
			{
				"lengthInSteps": 16,
				"sectionNotes": [
					[
						2970.29702970297,
						1,
						0
					],
					[
						3044.55445544555,
						0,
						0
					],
					[
						3118.81188118812,
						3,
						0
					],
					[
						3193.06930693069,
						2,
						0
					],
					[
						3267.32673267327,
						1,
						0
					],
					[
						3341.58415841584,
						0,
						0
					],
					[
						3415.84158415842,
						3,
						0
					],
					[
						3490.09900990099,
						2,
						0
					],
					[
						2970.29702970297,
						5,
						0
					],
					[
						3044.55445544555,
						4,
						0
					],
					[
						3118.81188118812,
						7,
						0
					],
					[
						3193.06930693069,
						6,
						0
					],
					[
						3267.32673267327,
						5,
						0
					],
					[
						3341.58415841584,
						4,
						0
					],
					[
						3415.84158415842,
						7,
						0
					],
					[
						3490.09900990099,
						6,
						0
					],
					[
						3564.35643564356,
						0,
						0
					],
					[
						3638.61386138614,
						1,
						0
					],
					[
						3712.87128712871,
						0,
						0
					],
					[
						3564.35643564356,
						4,
						0
					],
					[
						3638.61386138614,
						5,
						0
					],
					[
						3712.87128712871,
						4,
						0
					],
					[
						3787.12871287129,
						2,
						0
					],
					[
						3861.38613861386,
						3,
						0
					],
					[
						3935.64356435644,
						2,
						0
					],
					[
						4009.90099009901,
						1,
						0
					],
					[
						4084.15841584158,
						0,
						0
					],
					[
						3787.12871287129,
						6,
						0
					],
					[
						3861.38613861386,
						7,
						0
					],
					[
						3935.64356435644,
						6,
						0
					],
					[
						4009.90099009901,
						5,
						0
					],
					[
						4084.15841584158,
						4,
						0
					]
				],
				"mustHitSection": true
			},
			{
				"lengthInSteps": 16,